timestamp;symbol;rd_value;open;high;low;close;volume;signal_barrier
1770030480000;SKR;0.09286573;0.01862;0.018781;0.018607;0.018759;845200;1
1770030540000;SKR;0.16549654;0.018759;0.01881;0.018737;0.018775;891750;1
1770030600000;SKR;0.073817424;0.018775;0.018799;0.018639;0.018735;2523280;-1
1770030660000;SKR;0.052268606;0.01864;0.018799;0.01864;0.018711;2974160;-1
1770030720000;SKR;0.15679687;0.018711;0.018835;0.018677;0.018824;1436060;1
1770030780000;SKR;0.27273858;0.018824;0.018976;0.018702;0.018857;7304850;1
1770030840000;SKR;0.038530968;0.018857;0.018882;0.018508;0.018637;5473820;-1
1770030900000;SKR;-0.50241524;0.018637;0.018654;0.018491;0.018491;506440;-1
1770030960000;SKR;-0.6514865;0.018477;0.018501;0.018408;0.018432;1762330;-1
1770031020000;SKR;-0.6212842;0.018432;0.018479;0.018411;0.018474;525970;1
1770031080000;SKR;-0.584223;0.018446;0.01847;0.018432;0.018454;589380;1
1770031140000;SKR;-0.59069604;0.018425;0.018464;0.018415;0.018421;307430;-1
1770031200000;SKR;-0.79897064;0.018407;0.018421;0.018364;0.01839;283020;-1
1770031260000;SKR;-0.65007436;0.018384;0.018549;0.018384;0.018525;469200;1
1770031320000;SKR;-0.45644137;0.01852;0.018597;0.01852;0.018583;756370;1
1770031380000;SKR;-0.44881907;0.018594;0.018602;0.018488;0.018542;1811320;1
1770031440000;SKR;-0.54679483;0.01851;0.018531;0.018476;0.018492;711550;-1
1770031500000;SKR;-0.2754842;0.018497;0.018572;0.01845;0.018569;523340;1
1770031560000;SKR;-0.19488138;0.018568;0.018574;0.018541;0.018562;96440;1
1770031620000;SKR;-0.11015811;0.018567;0.018645;0.018567;0.01864;1034220;1
1770031680000;SKR;-0.026840279;0.018684;0.018684;0.018615;0.018615;364730;1
1770031740000;SKR;-0.19703713;0.018616;0.018616;0.01851;0.01851;171070;-1
1770031800000;SKR;-0.1333681;0.018546;0.018585;0.018518;0.018579;198960;1
1770031860000;SKR;-0.2076302;0.01857;0.018572;0.018459;0.018467;770300;-1
1770031920000;SKR;-0.26777938;0.018493;0.0185;0.018459;0.01848;230550;-1
1770031980000;SKR;-0.061526097;0.018567;0.018611;0.01856;0.018609;221840;1
1770032040000;SKR;-0.15721458;0.01854;0.018569;0.018512;0.018528;352430;-1
1770032100000;SKR;-0.15054864;0.01855;0.018572;0.018495;0.018564;441460;1
1770032160000;SKR;-0.10943281;0.018551;0.01858;0.018551;0.01858;39680;1
1770032220000;SKR;-0.13768184;0.018584;0.018584;0.018514;0.01852;548810;-1
1770032280000;SKR;-0.200361;0.01855;0.01855;0.018478;0.018491;520740;-1
1770032340000;SKR;-0.35944027;0.018464;0.018481;0.018393;0.018395;610810;-1
1770032400000;SKR;-0.31004113;0.018421;0.01857;0.018403;0.01857;1790690;1
1770032460000;SKR;-0.29070035;0.018522;0.018533;0.018467;0.018473;220130;1
1770032520000;SKR;-0.4485546;0.018429;0.01844;0.018387;0.018406;602610;-1
1770032580000;SKR;-0.527207;0.018423;0.01844;0.018301;0.01832;1010120;-1
1770032640000;SKR;-0.45051086;0.018402;0.018458;0.018352;0.01841;446840;1
1770032700000;SKR;-0.4834761;0.0184;0.0185;0.0184;0.018488;534410;-1
1770032760000;SKR;-0.4209583;0.018469;0.018497;0.018465;0.018475;165600;1
1770032820000;SKR;-0.42287716;0.018447;0.018502;0.018447;0.018499;175500;-1
1770032880000;SKR;-0.07734537;0.018591;0.018736;0.018576;0.018694;670620;1
1770032940000;SKR;-0.0065151774;0.018686;0.0187;0.018674;0.018692;246170;1
1770033000000;SKR;0.46502715;0.018711;0.01875;0.018684;0.018743;439080;1
1770033060000;SKR;0.64531666;0.018824;0.018839;0.01878;0.01883;320810;1
1770033120000;SKR;0.63888514;0.018824;0.018836;0.018787;0.018836;249380;-1
1770033180000;SKR;0.7742874;0.018882;0.018926;0.018882;0.018893;505330;1
1770033240000;SKR;0.7445841;0.018894;0.018902;0.018867;0.018887;338250;-1
1770033300000;SKR;1.1185831;0.018901;0.019073;0.018876;0.0189;4153270;1
1770033360000;SKR;1.0707186;0.018923;0.018951;0.018873;0.018934;1506450;-1
1770033420000;SKR;1.0563008;0.01891;0.018966;0.01887;0.018932;1813230;-1
1770033480000;SKR;1.1424329;0.018932;0.019118;0.018915;0.018915;9317140;1
1770033540000;SKR;0.8748457;0.018853;0.018853;0.018818;0.018836;440600;-1
1770033600000;SKR;1.0806507;0.01889;0.01889;0.018758;0.018781;1067090;1
1770033660000;SKR;1.0396405;0.018822;0.018827;0.018775;0.018827;885630;-1
1770033720000;SKR;1.0712805;0.018815;0.018872;0.018779;0.018864;978460;1
1770033780000;SKR;1.1532555;0.018867;0.018901;0.018857;0.018888;519170;1
1770033840000;SKR;1.2065687;0.018887;0.01896;0.018859;0.018934;591900;1
1770033900000;SKR;1.1682196;0.018929;0.018929;0.018791;0.01885;863800;-1
1770033960000;SKR;1.0835707;0.018811;0.018877;0.018811;0.018843;906600;-1
1770034020000;SKR;1.2798214;0.01892;0.01898;0.018892;0.018965;1014670;1
1770034080000;SKR;1.2639021;0.018968;0.018975;0.0189;0.018901;527720;-1
1770034140000;SKR;1.1204362;0.018878;0.018901;0.018824;0.018866;659630;-1
1770034200000;SKR;1.0738945;0.018915;0.018917;0.018805;0.01883;394600;-1
1770034260000;SKR;1.0117145;0.018836;0.01885;0.018831;0.018836;192850;-1
1770034320000;SKR;1.003841;0.01883;0.018849;0.018829;0.01884;140360;-1
1770034380000;SKR;1.0860698;0.018884;0.018904;0.018861;0.018878;166450;1
1770034440000;SKR;1.115839;0.018915;0.01893;0.018878;0.018878;282280;1
1770034500000;SKR;0.8635317;0.018838;0.018844;0.01882;0.018822;206650;-1
1770034560000;SKR;0.83697146;0.018823;0.018836;0.0188;0.01882;176270;-1
1770034620000;SKR;0.9555218;0.018835;0.01893;0.018835;0.01893;159020;1
1770034680000;SKR;1.0074486;0.018941;0.018941;0.018877;0.018889;433060;1
1770034740000;SKR;0.8891309;0.018839;0.018891;0.018798;0.018891;716670;-1
1770034800000;SKR;1.1124103;0.01894;0.01894;0.01886;0.018922;240640;1
1770034860000;SKR;1.2602012;0.019011;0.019011;0.018971;0.018984;175480;1
1770034920000;SKR;1.1084311;0.01892;0.018936;0.018897;0.01893;225150;-1
1770034980000;SKR;1.1982741;0.018927;0.019022;0.018908;0.019022;661250;1
1770035040000;SKR;1.3334283;0.01904;0.019085;0.019019;0.019026;610750;1
1770035100000;SKR;1.4902081;0.019044;0.01907;0.019025;0.019029;450150;1
1770035160000;SKR;1.5769855;0.019097;0.019111;0.019058;0.019097;478750;1
1770035220000;SKR;1.3749802;0.019035;0.019065;0.018928;0.018941;902650;-1
1770035280000;SKR;1.1125821;0.018909;0.018909;0.01881;0.018818;720080;-1
1770035340000;SKR;1.1071004;0.018841;0.018881;0.018841;0.018879;158460;-1
1770035400000;SKR;0.8371669;0.01887;0.018878;0.01886;0.018867;84430;-1
1770035460000;SKR;0.79160345;0.018854;0.018884;0.0188;0.018851;432050;-1
1770035520000;SKR;0.83655304;0.018834;0.018911;0.018834;0.018908;283860;1
1770035580000;SKR;0.8580398;0.018887;0.018899;0.018874;0.018878;70200;1
1770035640000;SKR;0.88273966;0.018879;0.018929;0.018859;0.018929;120940;1
1770035700000;SKR;0.98880094;0.018931;0.018945;0.018897;0.018913;176240;1
1770035760000;SKR;1.1682801;0.019004;0.019056;0.018969;0.019033;148020;1
1770035820000;SKR;1.1346325;0.019012;0.019012;0.018974;0.019008;111490;-1
1770035880000;SKR;1.3325868;0.019083;0.019146;0.019083;0.019111;1088340;1
1770035940000;SKR;1.165316;0.019056;0.019059;0.01898;0.019002;471450;-1
1770036000000;SKR;0.9314003;0.018964;0.018964;0.018867;0.018878;407780;-1
1770036060000;SKR;0.8729801;0.01889;0.018901;0.018881;0.018889;66350;-1
1770036120000;SKR;1.0341672;0.01898;0.01898;0.018958;0.018979;240770;1
1770036180000;SKR;0.93417966;0.018945;0.018945;0.018902;0.01891;494050;-1
1770036240000;SKR;0.7155267;0.018834;0.018839;0.018788;0.018801;358890;-1
1770036300000;SKR;0.51839304;0.01883;0.018838;0.018815;0.018818;238220;-1
1770036360000;SKR;0.5799623;0.018845;0.01888;0.018844;0.018861;170610;1
1770036420000;SKR;0.65413016;0.018917;0.018917;0.018869;0.018883;156150;1
1770036480000;SKR;0.7046056;0.018918;0.018957;0.018879;0.018941;243480;1
1770036540000;SKR;0.7946921;0.018948;0.019011;0.018938;0.018989;372720;1
1770036600000;SKR;1.069766;0.01897;0.019013;0.01897;0.019008;315990;1
1770036660000;SKR;1.1792406;0.019027;0.01907;0.019027;0.01907;102310;1
1770036720000;SKR;1.3512133;0.01911;0.019176;0.019095;0.019176;736250;1
1770036780000;SKR;1.3510133;0.019146;0.019175;0.019098;0.019152;878680;-1
1770036840000;SKR;1.3181438;0.019125;0.019148;0.019097;0.019148;95350;-1
1770036900000;SKR;1.7041026;0.01922;0.019226;0.01914;0.019162;434380;1
1770036960000;SKR;1.789862;0.01924;0.019245;0.019212;0.019242;194110;1
1770037020000;SKR;1.826516;0.019277;0.019296;0.019218;0.01924;701840;1
1770037080000;SKR;1.7481399;0.019228;0.019235;0.019193;0.019232;169170;-1
1770037140000;SKR;1.7325833;0.019223;0.019234;0.019199;0.019216;300520;-1
1770037200000;SKR;2.2332795;0.019216;0.019253;0.019208;0.019219;292730;1
1770037260000;SKR;2.2374887;0.019218;0.019265;0.019188;0.019249;371910;1
1770037320000;SKR;2.4564714;0.019335;0.019378;0.01931;0.019361;629660;1
1770037380000;SKR;2.3904846;0.019362;0.019362;0.019266;0.019278;469600;-1
1770037440000;SKR;2.6544878;0.019384;0.019536;0.01938;0.019527;2692500;1
1770037500000;SKR;3.4348774;0.019614;0.019623;0.019558;0.019573;872150;1
1770037560000;SKR;3.1013718;0.019485;0.019497;0.01936;0.019369;983410;-1
1770037620000;SKR;3.088345;0.019435;0.019461;0.019398;0.019411;619540;-1
1770037680000;SKR;3.0735655;0.019515;0.019519;0.01932;0.019341;2167340;-1
1770037740000;SKR;2.898653;0.019313;0.019379;0.019311;0.019353;476490;-1
1770037800000;SKR;2.5740929;0.0193;0.019489;0.01929;0.019409;1087890;-1
1770037860000;SKR;2.630843;0.0194;0.01946;0.019381;0.019381;419560;1
1770037920000;SKR;2.5965676;0.019413;0.019429;0.019357;0.019371;775580;-1
1770037980000;SKR;2.4365003;0.019316;0.019325;0.019302;0.019316;198240;-1
1770038040000;SKR;2.4638731;0.019336;0.01938;0.0193;0.019314;640560;1
1770038100000;SKR;2.3803153;0.019342;0.019375;0.01929;0.019292;1312900;-1
1770038160000;SKR;2.31524;0.019297;0.019335;0.019268;0.01928;1573670;-1
1770038220000;SKR;2.025315;0.019223;0.019223;0.019032;0.01912;5397390;-1
1770038280000;SKR;2.0834036;0.019184;0.019206;0.019148;0.019188;480770;1
1770038340000;SKR;1.7963691;0.019024;0.019076;0.019005;0.019041;767550;-1
1770038400000;SKR;1.5534018;0.019076;0.019144;0.019076;0.019107;609320;-1
1770038460000;SKR;1.5598089;0.019095;0.019118;0.019095;0.019115;243190;1
1770038520000;SKR;1.5924807;0.019173;0.019176;0.019059;0.019089;732280;1
1770038580000;SKR;1.5640796;0.019106;0.019137;0.019079;0.019124;347070;-1
1770038640000;SKR;1.5953051;0.019135;0.019159;0.019092;0.019131;329230;1
1770038700000;SKR;1.6126323;0.019125;0.019142;0.019111;0.019128;196130;1
1770038760000;SKR;1.6739169;0.019165;0.0192;0.019125;0.019149;394920;1
1770038820000;SKR;1.4894645;0.019143;0.019143;0.018986;0.018996;491600;-1
1770038880000;SKR;1.2523272;0.018955;0.018966;0.018925;0.01894;283280;-1
1770038940000;SKR;1.0144249;0.018861;0.018893;0.018766;0.018779;1156310;-1
1770039000000;SKR;-0.12629394;0.018785;0.018806;0.018764;0.018781;857070;-1
1770039060000;SKR;-0.11080462;0.018815;0.018815;0.018766;0.018769;232300;1
1770039120000;SKR;-0.2088945;0.01875;0.01876;0.018712;0.018739;709350;-1
1770039180000;SKR;-0.345312;0.018736;0.018745;0.018535;0.018661;5391060;-1
1770039240000;SKR;-0.4277635;0.018628;0.018651;0.018602;0.018621;531700;-1
1770039300000;SKR;-0.69211334;0.018632;0.018638;0.018598;0.018598;147020;-1
1770039360000;SKR;-0.7910552;0.018542;0.018614;0.018542;0.018558;528880;-1
1770039420000;SKR;-0.75732625;0.018587;0.0186;0.018536;0.018594;350180;1
1770039480000;SKR;-0.63463724;0.018616;0.018686;0.018609;0.01865;1075040;1
1770039540000;SKR;-0.7423401;0.018608;0.018615;0.018547;0.018564;789640;-1
1770039600000;SKR;-0.92455214;0.018522;0.01857;0.018519;0.018553;226370;-1
1770039660000;SKR;-0.9014469;0.01855;0.018566;0.018527;0.01856;279380;1
1770039720000;SKR;-0.81803274;0.018555;0.01864;0.018546;0.018625;227360;1
1770039780000;SKR;-0.7541724;0.018605;0.018658;0.018593;0.018634;523460;1
1770039840000;SKR;-0.7755996;0.018616;0.018631;0.018582;0.018611;140470;-1
1770039900000;SKR;-0.74497443;0.018581;0.018691;0.01857;0.018655;722700;1
1770039960000;SKR;-0.7382021;0.018642;0.018648;0.018577;0.018638;529080;1
1770040020000;SKR;-0.7197766;0.018624;0.018666;0.018614;0.018633;331420;1
1770040080000;SKR;-0.7068461;0.018648;0.01866;0.018601;0.018649;501380;1
1770040140000;SKR;-0.82579476;0.018589;0.018591;0.018563;0.018566;124960;-1
1770040200000;SKR;-0.9458289;0.01855;0.018594;0.018532;0.018562;390660;-1
1770040260000;SKR;-0.93213296;0.018549;0.018587;0.018547;0.018576;244350;1
1770040320000;SKR;-0.9532058;0.018554;0.018564;0.018533;0.018558;202950;-1
1770040380000;SKR;-0.89262295;0.018581;0.018586;0.018576;0.018583;81760;1
1770040500000;SKR;-0.69447327;0.018682;0.018731;0.018629;0.018682;5406910;1
1770040620000;SKR;-0.49799252;0.018682;0.01873;0.018629;0.018681;1205650;1
1770040680000;SKR;-0.47946614;0.018681;0.018729;0.018631;0.018715;1030270;1
1770040740000;SKR;-0.45910302;0.018715;0.018731;0.018666;0.018682;3170990;1
1770040800000;SKR;-0.5657526;0.018682;0.018745;0.01864;0.018711;2427600;-1
1770040860000;SKR;-0.5271526;0.018652;0.018745;0.018652;0.018711;1173790;1
1770041100000;SKR;-0.8899331;0.01861;0.018715;0.018404;0.018632;7474150;-1
1770041160000;SKR;-1.0268042;0.01856;0.01856;0.018404;0.018519;2352670;-1
1770041220000;SKR;-0.8687264;0.018519;0.018715;0.018503;0.018622;3389050;1
1770041280000;SKR;-0.80146474;0.018622;0.018658;0.018595;0.018616;748080;1
1770041340000;SKR;-0.79324275;0.018616;0.018655;0.0186;0.018632;449230;1
1770041400000;SKR;-0.6431884;0.018619;0.018684;0.018612;0.018684;366720;1
1770041460000;SKR;-0.5668601;0.01869;0.018723;0.018663;0.018675;404790;1
1770041520000;SKR;-0.5315363;0.018705;0.018723;0.01868;0.018712;387820;1
1770041580000;SKR;-0.53161645;0.018688;0.018732;0.018687;0.01871;315480;-1
1770041640000;SKR;-0.6158116;0.018673;0.018677;0.018619;0.018673;474040;-1
1770041700000;SKR;-0.89566135;0.018646;0.018646;0.018547;0.018594;739500;-1
1770041760000;SKR;-0.8957578;0.018631;0.018631;0.018562;0.018604;725150;-1
1770041820000;SKR;-0.929129;0.018608;0.018627;0.01856;0.01856;1592260;-1
1770041880000;SKR;-0.86645836;0.01861;0.018643;0.0186;0.018625;485180;1
1770041940000;SKR;-0.97731483;0.018614;0.018614;0.018479;0.01854;1350660;-1
1770042000000;SKR;-1.0738133;0.018566;0.018582;0.018497;0.018561;949310;-1
1770042060000;SKR;-1.0666121;0.018558;0.018585;0.018532;0.01854;452420;1
1770042180000;SKR;-1.3359864;0.018459;0.018488;0.018337;0.018375;1601860;-1
1770042240000;SKR;-1.3686088;0.018375;0.018427;0.018375;0.018407;2177270;-1
1770042300000;SKR;-1.4175752;0.018407;0.018561;0.018379;0.01854;2370520;-1
1770042360000;SKR;-1.3160778;0.018416;0.018504;0.018416;0.018501;571370;1
1770042420000;SKR;-1.2048106;0.018501;0.018561;0.018501;0.01854;668930;1
1770042480000;SKR;-1.2175158;0.018501;0.018523;0.018478;0.018523;255790;-1
1770042540000;SKR;-1.1469114;0.018523;0.018572;0.018521;0.018549;635740;1
1770042600000;SKR;-0.07027801;0.018547;0.018629;0.018534;0.018625;1245330;1
1770042660000;SKR;0.011802859;0.018602;0.018633;0.018558;0.018616;953390;1
1770042720000;SKR;0.2512098;0.018664;0.018891;0.018662;0.018852;9291400;1
1770042780000;SKR;0.3228705;0.018756;0.018822;0.018756;0.018791;1336300;1
1770042840000;SKR;0.4892082;0.018784;0.018791;0.018736;0.018755;565290;1
1770042900000;SKR;1.8283311;0.01895;0.019224;0.01895;0.019195;1623580;1
1770042960000;SKR;2.1277149;0.019295;0.019307;0.019221;0.019306;1840330;1
1770043020000;SKR;2.2982216;0.019321;0.019512;0.019315;0.019511;3285200;1
1770043080000;SKR;2.3224394;0.019376;0.019453;0.019336;0.019438;1219380;1
1770043140000;SKR;2.5575342;0.019422;0.019545;0.019393;0.019523;2086350;1
1770043200000;SKR;2.92169;0.019635;0.019635;0.019493;0.019596;2380130;1
1770043260000;SKR;2.9934595;0.019704;0.019763;0.019679;0.019682;654530;1
1770043320000;SKR;2.639748;0.019617;0.019629;0.019422;0.019464;3294960;-1
1770043380000;SKR;2.3299863;0.019391;0.019391;0.019297;0.019326;716160;-1
1770043440000;SKR;2.2150512;0.019312;0.019327;0.019232;0.019263;465500;-1
1770043500000;SKR;1.3248515;0.019286;0.01929;0.019118;0.01917;829210;-1
1770043560000;SKR;1.2005395;0.01915;0.019153;0.019091;0.019097;286420;-1
1770043620000;SKR;1.1340749;0.019152;0.019194;0.019104;0.019114;722370;-1
1770043680000;SKR;0.9417551;0.019064;0.019064;0.019;0.019004;923240;-1
1770043740000;SKR;0.7723643;0.019004;0.019012;0.018907;0.018907;443470;-1
1770043800000;SKR;0.41594985;0.018867;0.018876;0.018836;0.01887;346580;-1
1770043860000;SKR;0.49683887;0.018894;0.018948;0.018893;0.018924;421040;1
1770043920000;SKR;0.48735645;0.018934;0.018964;0.018884;0.018939;486380;-1
1770043980000;SKR;0.44025666;0.018881;0.018903;0.01885;0.018901;348770;-1
1770044040000;SKR;0.5494101;0.018907;0.018973;0.018907;0.018943;1466890;1
1770044100000;SKR;0.9007182;0.018983;0.019018;0.018964;0.019013;699440;1
1770044160000;SKR;0.9102839;0.019057;0.019083;0.019025;0.019059;533030;1
1770044220000;SKR;0.86112267;0.019015;0.019036;0.019003;0.019012;4264910;-1
1770044280000;SKR;0.92712617;0.019007;0.019093;0.019003;0.019093;568530;1
1770044340000;SKR;0.9854998;0.019089;0.019095;0.01905;0.019088;468440;1
1770044400000;SKR;0.839689;0.019078;0.01914;0.018986;0.018993;4129040;-1
1770044460000;SKR;0.6681639;0.019062;0.019085;0.019007;0.019029;479560;-1
1770044520000;SKR;0.56831723;0.018881;0.018941;0.018844;0.018926;560550;-1
1770044580000;SKR;0.62100846;0.01897;0.019018;0.01897;0.019006;374650;1
1770044640000;SKR;0.5878881;0.018914;0.018944;0.018896;0.018938;217400;-1
1770044700000;SKR;0.43103805;0.01894;0.01898;0.018906;0.018941;438600;-1
1770044760000;SKR;0.23903953;0.018945;0.018954;0.018827;0.018841;767910;-1
1770044820000;SKR;0.19751889;0.018746;0.018939;0.018732;0.018908;996940;-1
1770044880000;SKR;0.21779938;0.018878;0.018888;0.018848;0.01885;86900;1
1770044940000;SKR;0.22185306;0.018785;0.018787;0.018751;0.018787;213620;1
1770045000000;SKR;0.65451103;0.018897;0.018977;0.018888;0.018973;334790;1
1770045060000;SKR;0.85440964;0.018945;0.019056;0.01894;0.019038;483840;1
1770045120000;SKR;0.9962317;0.019109;0.019109;0.019068;0.01908;220180;1
1770045180000;SKR;0.9648205;0.019113;0.019116;0.019018;0.019028;373720;-1
1770045240000;SKR;1.0871018;0.019103;0.019156;0.019086;0.019156;718860;1
1770045300000;SKR;1.7843937;0.019193;0.019205;0.019126;0.019162;461840;1
1770045360000;SKR;1.9876844;0.019153;0.019278;0.019149;0.019254;493930;1
1770045420000;SKR;2.386618;0.019388;0.019624;0.019371;0.019549;3665030;1
1770045480000;SKR;2.3766193;0.01953;0.019537;0.019401;0.019425;1574970;-1
1770045540000;SKR;2.4028516;0.019435;0.019493;0.01942;0.019478;588490;1
1770045600000;SKR;2.650609;0.019544;0.019545;0.019485;0.019493;358560;1
1770045660000;SKR;2.7385414;0.019533;0.019634;0.019533;0.019605;327940;1
1770045720000;SKR;2.8090043;0.019579;0.019667;0.019576;0.019637;554400;1
1770045780000;SKR;2.6774402;0.019632;0.019632;0.01948;0.019487;2375900;-1
1770045840000;SKR;2.5303574;0.019473;0.019555;0.019473;0.019507;479050;-1
1770045900000;SKR;2.3275511;0.019467;0.019471;0.019443;0.019465;172510;-1
1770045960000;SKR;2.3273249;0.019561;0.019589;0.019536;0.019537;473580;-1
1770046020000;SKR;2.101054;0.019473;0.019477;0.019354;0.019416;880770;-1
1770046080000;SKR;1.9524094;0.019362;0.019363;0.019299;0.019315;177840;-1
1770046140000;SKR;1.8039095;0.019315;0.01932;0.019144;0.019278;8346850;-1
1770046200000;SKR;1.5846379;0.019263;0.019263;0.0191;0.019132;554090;-1
1770046260000;SKR;1.7477692;0.019167;0.01929;0.019155;0.019281;1419250;1
1770046320000;SKR;2.0464232;0.01938;0.019519;0.01938;0.019471;648700;1
1770046380000;SKR;2.1042094;0.019464;0.019511;0.019432;0.01949;204410;1
1770046440000;SKR;1.9519275;0.019438;0.019455;0.019389;0.019412;417520;-1
1770046500000;SKR;2.078331;0.019345;0.019345;0.019223;0.019237;296980;1
1770046560000;SKR;2.2718396;0.019335;0.019363;0.019304;0.01935;454310;1
1770046620000;SKR;2.631905;0.019501;0.019642;0.019491;0.019633;1578510;1
1770046680000;SKR;2.7948713;0.019682;0.019783;0.019637;0.019667;988460;1
1770046740000;SKR;2.6816108;0.019644;0.019664;0.01947;0.019521;1413210;-1
1770046800000;SKR;2.7569363;0.019702;0.019713;0.019644;0.01967;501100;1
1770046860000;SKR;2.6443236;0.019666;0.019694;0.019607;0.019609;313870;-1
1770046920000;SKR;2.3591123;0.019571;0.019575;0.01942;0.019456;1972690;-1
1770046980000;SKR;2.1399019;0.019398;0.019407;0.019318;0.019335;242290;-1
1770047040000;SKR;2.132172;0.01937;0.019371;0.01931;0.019338;223310;-1
1770047100000;SKR;1.778672;0.019399;0.019441;0.019314;0.01939;1848420;-1
1770047160000;SKR;1.8174448;0.019294;0.019408;0.019283;0.019408;168510;1
1770047220000;SKR;1.9247998;0.019432;0.019507;0.019415;0.019435;945570;1
1770047280000;SKR;1.8865168;0.019412;0.019449;0.019412;0.019431;177450;-1
1770047340000;SKR;1.906873;0.019404;0.01945;0.019396;0.019422;195360;1
1770047400000;SKR;1.6617343;0.019436;0.019436;0.019392;0.019411;345390;-1
1770047460000;SKR;1.4690686;0.019297;0.019304;0.019236;0.01925;576890;-1
1770047520000;SKR;1.445237;0.019246;0.019273;0.019185;0.019269;731400;-1
1770047580000;SKR;1.5257677;0.019299;0.019355;0.019272;0.019272;254950;1
1770047640000;SKR;1.4934642;0.019285;0.019304;0.019259;0.019274;268180;-1
1770047700000;SKR;1.6407545;0.01929;0.019355;0.019285;0.019355;166190;1
1770047760000;SKR;1.582031;0.019453;0.019461;0.01939;0.01941;310610;-1
1770047820000;SKR;1.4007903;0.019268;0.019268;0.019218;0.019252;300450;-1
1770047880000;SKR;1.4321047;0.019293;0.019376;0.01928;0.019316;393230;1
1770047940000;SKR;1.3283986;0.019239;0.019278;0.019238;0.019239;144100;-1
1770048000000;SKR;1.0133055;0.019228;0.019297;0.019206;0.019254;201070;-1
1770048060000;SKR;1.0637337;0.0193;0.019302;0.01925;0.019267;77820;1
1770048120000;SKR;0.91675603;0.019271;0.019271;0.019147;0.019195;664900;-1
1770048180000;SKR;0.8462808;0.019156;0.019157;0.019044;0.019136;1975090;-1
1770048240000;SKR;0.8330374;0.019151;0.019192;0.019109;0.019162;1053210;-1
1770048300000;SKR;0.9496311;0.019196;0.019296;0.019194;0.019195;417010;1
1770048360000;SKR;0.9882729;0.019185;0.019248;0.019136;0.019234;480940;1
1770048420000;SKR;0.9819881;0.019269;0.019269;0.01922;0.01922;163600;-1
1770048480000;SKR;0.9046449;0.01919;0.019195;0.019124;0.019125;149820;-1
1770048540000;SKR;0.99993455;0.019222;0.019238;0.019162;0.019235;401720;1
1770048600000;SKR;1.2165765;0.019278;0.019325;0.019254;0.019301;285570;1
1770048660000;SKR;1.1744152;0.019301;0.019302;0.019189;0.019251;715830;-1
1770048720000;SKR;1.1947201;0.019284;0.019289;0.019258;0.019266;374510;1
1770048780000;SKR;1.3347079;0.01929;0.019412;0.019285;0.019411;1713020;1
1770048840000;SKR;1.3257535;0.019369;0.019369;0.019295;0.01932;373830;-1
1770048900000;SKR;1.2005944;0.019338;0.019392;0.019306;0.019392;569650;-1
1770048960000;SKR;1.1503341;0.01936;0.01936;0.019332;0.019353;94840;-1
1770049020000;SKR;1.1104763;0.019292;0.019339;0.019235;0.01931;366880;-1
1770049080000;SKR;1.1179682;0.019338;0.019355;0.019296;0.019343;269810;1
1770049140000;SKR;1.002325;0.019272;0.019276;0.019156;0.019171;593830;-1
1770049200000;SKR;0.8563107;0.019268;0.01928;0.019247;0.019262;647530;-1
1770049260000;SKR;0.8417375;0.019263;0.019278;0.019255;0.019257;275980;-1
1770049320000;SKR;0.8024043;0.019246;0.019286;0.019226;0.019262;590470;-1
1770049380000;SKR;0.6464324;0.019216;0.019226;0.01909;0.019102;1383840;-1
1770051600000;SKR;0.10751036;0.018862;0.019018;0.018843;0.0189;2034740;-1
1770052200000;SKR;-0.8181062;0.018862;0.018986;0.018843;0.018931;360920;-1
1770052260000;SKR;-0.7160189;0.018931;0.019018;0.01892;0.018962;905350;1
1770052320000;SKR;-0.7247184;0.018962;0.018978;0.018915;0.018958;527850;-1
1770052380000;SKR;-0.74166304;0.018958;0.018963;0.018927;0.01893;103580;-1
1770052440000;SKR;-0.79845816;0.01893;0.018936;0.018892;0.0189;137040;-1
1770052500000;SKR;-0.6510779;0.018903;0.018935;0.018834;0.018935;774710;1
1770052560000;SKR;-0.6944395;0.018894;0.018894;0.018834;0.01887;623360;-1
1770052620000;SKR;-0.6052948;0.01887;0.018935;0.01887;0.018935;40980;1
1770052680000;SKR;-0.45656976;0.018954;0.019073;0.018954;0.019051;489200;1
1770052740000;SKR;-0.38763726;0.018994;0.019095;0.018962;0.01907;399490;1
1770052800000;SKR;-0.11999765;0.01907;0.019124;0.019056;0.01907;411500;1
1770052860000;SKR;-0.22823475;0.019072;0.019072;0.019034;0.019049;170380;-1
1770052920000;SKR;-0.20668308;0.018983;0.018983;0.018936;0.018965;184930;1
1770052980000;SKR;-0.023632359;0.019089;0.019152;0.019067;0.01915;470950;1
1770053040000;SKR;-0.044079803;0.01914;0.01914;0.019097;0.019106;120210;-1
1770053100000;SKR;-0.30940023;0.019104;0.019104;0.01901;0.019011;532690;-1
1770053160000;SKR;-0.44467467;0.019;0.019;0.018952;0.018983;184850;-1
1770053220000;SKR;-0.47831365;0.018963;0.018985;0.01893;0.018967;279950;-1
1770053280000;SKR;-0.5395902;0.018968;0.018968;0.018854;0.01893;3121350;-1
1770053340000;SKR;-0.52378964;0.01893;0.018953;0.018929;0.018933;173160;1
1770053400000;SKR;-0.5449918;0.018945;0.018946;0.01892;0.018925;74260;-1
1770053460000;SKR;-0.5066677;0.019034;0.019054;0.019005;0.019005;108370;1
1770053520000;SKR;-0.48743865;0.018992;0.019044;0.018989;0.019044;110290;1
1770053580000;SKR;-0.4580469;0.019047;0.019105;0.019047;0.019052;172980;1
1770053640000;SKR;-0.48665532;0.019004;0.019021;0.018986;0.018994;100850;-1
1770053700000;SKR;-0.45028144;0.019042;0.019062;0.01904;0.01904;211210;1
1770053760000;SKR;-0.47317204;0.019056;0.019063;0.019034;0.019044;121800;-1
1770053820000;SKR;-0.5154592;0.019038;0.019038;0.018997;0.019006;189680;-1
1770053880000;SKR;-0.6437597;0.019017;0.019019;0.01895;0.018956;174700;-1
1770053940000;SKR;-0.75221777;0.018903;0.018919;0.018879;0.018902;224290;-1
1770054000000;SKR;-1.2049413;0.018905;0.018906;0.018835;0.018847;352750;-1
1770054060000;SKR;-1.3443377;0.018759;0.01878;0.018742;0.018757;381390;-1
1770054120000;SKR;-1.3295323;0.018757;0.01879;0.018757;0.018786;187820;1
1770054180000;SKR;-1.4423056;0.018769;0.018771;0.018748;0.01875;119490;-1
1770054240000;SKR;-1.548929;0.018663;0.018682;0.018583;0.018682;1318210;-1
1770054300000;SKR;-1.784749;0.018545;0.018595;0.01852;0.018577;1149820;-1
1770054600000;SKR;-2.105354;0.018545;0.018588;0.01852;0.018587;523720;-1
1770054780000;SKR;-2.3260994;0.018545;0.01855;0.01852;0.018538;238870;-1
1770054840000;SKR;-2.2813928;0.018538;0.018588;0.018527;0.018587;284850;1
1770054900000;SKR;-2.188833;0.018587;0.018595;0.018564;0.018571;330900;1
1770054960000;SKR;-2.189652;0.018571;0.01859;0.01856;0.01859;92380;-1
1770055020000;SKR;-2.1977797;0.01859;0.018592;0.01857;0.018577;202820;-1
1770055080000;SKR;-2.249723;0.018554;0.018554;0.018526;0.018545;86630;-1
1770055140000;SKR;-2.1710062;0.018545;0.018638;0.018536;0.018617;262750;1
1770055200000;SKR;-1.8573365;0.018617;0.018631;0.018586;0.018588;97250;1
1770055260000;SKR;-1.8651745;0.018589;0.018621;0.018584;0.018597;103680;-1
1770055320000;SKR;-1.8861499;0.018609;0.018633;0.018553;0.018553;226630;-1
1770055380000;SKR;-1.8388728;0.01857;0.018655;0.01857;0.018631;412930;1
1770055440000;SKR;-1.6835725;0.018654;0.018673;0.018641;0.018649;275290;1
1770055500000;SKR;-1.903109;0.018677;0.018695;0.018628;0.018632;266540;-1
1770055560000;SKR;-2.026033;0.018542;0.01857;0.018531;0.018559;361920;-1
1770055620000;SKR;-2.015616;0.018557;0.018593;0.018519;0.01854;962480;1
1770055680000;SKR;-1.9935367;0.018548;0.018595;0.018547;0.018549;144100;1
1770055740000;SKR;-2.0300014;0.018568;0.018584;0.018526;0.018539;234200;-1
1770055800000;SKR;-2.0375545;0.018534;0.018539;0.018503;0.018503;138170;-1
1770055860000;SKR;-1.9968193;0.018526;0.018561;0.018526;0.018549;383290;1
1770055920000;SKR;-1.8981898;0.018555;0.018623;0.018555;0.018608;364060;1
1770055980000;SKR;-1.7988458;0.018622;0.018657;0.018622;0.018651;85400;1
1770056040000;SKR;-1.7202383;0.018661;0.018733;0.018655;0.018697;514140;1
1770056100000;SKR;-1.4486934;0.018675;0.018738;0.018674;0.018723;257970;1
1770056160000;SKR;-1.3381349;0.018658;0.018743;0.018654;0.018725;487260;1
1770056220000;SKR;-1.2463951;0.018802;0.018821;0.018787;0.018787;165960;1
1770056280000;SKR;-1.3606393;0.018763;0.018767;0.018738;0.018738;115960;-1
1770056340000;SKR;-1.4424114;0.018692;0.018694;0.018662;0.018662;309210;-1
1770056400000;SKR;-1.4835434;0.018689;0.018689;0.018632;0.01864;305100;-1
1770056460000;SKR;-1.4513718;0.018643;0.018691;0.018639;0.018691;187840;1
1770056520000;SKR;-1.3636963;0.0187;0.018724;0.018681;0.018702;106370;1
1770056580000;SKR;-1.2879529;0.018745;0.018779;0.018745;0.01875;150920;1
1770056640000;SKR;-1.2723889;0.018755;0.018774;0.01875;0.018763;145750;1
1770056700000;SKR;-1.2283349;0.018771;0.018779;0.01876;0.018761;126560;1
1770056760000;SKR;-1.311831;0.018761;0.018761;0.018653;0.018653;783720;-1
1770056820000;SKR;-1.2663625;0.018716;0.018767;0.018716;0.01874;289830;1
1770056880000;SKR;-1.2473494;0.01877;0.0188;0.018748;0.018755;667800;1
1770056940000;SKR;-1.3444691;0.01873;0.01874;0.018654;0.018654;153230;-1
1770057000000;SKR;-0.9353379;0.018694;0.018801;0.018686;0.018801;297820;1
1770057060000;SKR;-0.8159234;0.018827;0.018827;0.018794;0.018798;62310;1
1770057120000;SKR;-0.7265697;0.018831;0.018899;0.018828;0.018882;309390;1
1770057180000;SKR;-0.62866664;0.0189;0.018954;0.018888;0.018888;184910;1
1770057240000;SKR;-0.5329677;0.018926;0.018993;0.018926;0.018993;375770;1
1770057300000;SKR;-0.42979163;0.018988;0.018988;0.018951;0.018959;82210;1
1770057360000;SKR;-0.52939737;0.018937;0.018938;0.018855;0.018883;252070;-1
1770057420000;SKR;-0.5765568;0.018881;0.018903;0.018875;0.018892;571410;-1
1770057480000;SKR;-0.6026224;0.018865;0.018893;0.01884;0.018893;210150;-1
1770057540000;SKR;-0.58325744;0.018862;0.018914;0.018861;0.018901;502350;1
1770057600000;SKR;-0.81103086;0.018874;0.018875;0.018825;0.018825;74940;-1
1770057660000;SKR;-0.88711166;0.018786;0.018799;0.018756;0.018787;152490;-1
1770057720000;SKR;-0.8444607;0.018811;0.018855;0.018811;0.018843;79750;1
1770057780000;SKR;-0.89753556;0.018792;0.018798;0.018748;0.01877;47180;-1
1770057840000;SKR;-0.8670568;0.018791;0.01881;0.018776;0.018795;169410;1
1770057900000;SKR;-0.66996753;0.018814;0.018822;0.018803;0.018819;58990;1
1770057960000;SKR;-0.59725326;0.018846;0.018875;0.018834;0.018875;72290;1
1770058020000;SKR;-0.51349884;0.018888;0.018908;0.018888;0.018903;114270;1
1770058080000;SKR;-0.5528993;0.018923;0.01895;0.018886;0.018899;209050;-1
1770058140000;SKR;-0.6156221;0.018837;0.018842;0.018827;0.01884;71510;-1
1770058200000;SKR;-0.58558404;0.018877;0.018882;0.018866;0.018882;71180;1
1770058260000;SKR;-0.6623817;0.018871;0.018879;0.018864;0.018873;37780;-1
1770058320000;SKR;-0.70923084;0.018788;0.018824;0.018788;0.018824;112940;-1
1770058380000;SKR;-0.6242259;0.018824;0.018883;0.018824;0.018866;265290;1
1770058440000;SKR;-0.589198;0.018862;0.018869;0.018849;0.018869;52890;1
1770058500000;SKR;-0.46489048;0.018878;0.018884;0.018875;0.018882;35450;1
1770058560000;SKR;-0.43830273;0.018881;0.018913;0.01888;0.018894;74200;1
1770058620000;SKR;-0.40885222;0.018899;0.018918;0.018899;0.018918;57300;1
1770058680000;SKR;-0.3580036;0.018916;0.018945;0.018912;0.018944;50240;1
1770058740000;SKR;-0.32094118;0.018953;0.018977;0.018953;0.018966;129900;1
1770058800000;SKR;0.1998004;0.018943;0.01897;0.018915;0.01897;409160;1
1770058860000;SKR;0.2791681;0.018997;0.019036;0.018997;0.019011;184510;1
1770058920000;SKR;0.44665924;0.01901;0.019164;0.01901;0.019155;1041450;1
1770058980000;SKR;0.64301234;0.01916;0.019265;0.01916;0.019241;1142470;1
1770059040000;SKR;0.566629;0.019187;0.019199;0.019099;0.019154;1058970;-1
1770059100000;SKR;0.40865552;0.019133;0.019144;0.019087;0.01911;509160;-1
1770059160000;SKR;0.31374317;0.019071;0.019075;0.01902;0.019034;279990;-1
1770059220000;SKR;0.19515412;0.019015;0.019015;0.018968;0.018978;141070;-1
1770059280000;SKR;0.17052718;0.018954;0.019018;0.018943;0.018974;649570;-1
1770059340000;SKR;0.16108447;0.018964;0.01898;0.018933;0.018967;252600;-1
1770059400000;SKR;0.011627521;0.01897;0.018986;0.018946;0.018967;108210;-1
1770059460000;SKR;0.04513032;0.018969;0.019001;0.018957;0.019001;173300;1
1770059520000;SKR;0.030251503;0.019001;0.019009;0.018986;0.018989;41260;-1
1770059580000;SKR;-0.061681468;0.01895;0.018951;0.0189;0.018917;191440;-1
1770059640000;SKR;-0.098264895;0.018921;0.018931;0.018898;0.018912;137270;-1
1770059700000;SKR;-0.57129896;0.018899;0.018901;0.018804;0.018832;649060;-1
1770059760000;SKR;-0.627551;0.018827;0.018833;0.01881;0.01883;192340;-1
1770059820000;SKR;-0.6944107;0.018817;0.018817;0.018741;0.018743;137810;-1
1770059880000;SKR;-0.6620637;0.018794;0.018805;0.018787;0.018797;74640;1
1770059940000;SKR;-0.64491856;0.018805;0.018841;0.018805;0.01884;59850;1
1770060000000;SKR;-0.60665077;0.018817;0.018845;0.018814;0.018828;176310;1
1770060060000;SKR;-0.5974012;0.018833;0.018839;0.01882;0.018835;108910;1
1770060120000;SKR;-0.61013335;0.018834;0.018834;0.018814;0.018828;103260;-1
1770060180000;SKR;-0.6135658;0.018815;0.018843;0.018815;0.018838;32310;-1
1770060240000;SKR;-0.5642863;0.018819;0.01888;0.018815;0.018877;68000;1
1770060300000;SKR;-0.5983198;0.018878;0.018883;0.018865;0.018876;76670;-1
1770060360000;SKR;-0.5727266;0.018882;0.018922;0.018879;0.018893;140070;1
1770060420000;SKR;-0.7536272;0.018895;0.018912;0.018817;0.018819;435810;-1
1770060480000;SKR;-0.98391086;0.0187;0.0187;0.018618;0.01864;371010;-1
1770060540000;SKR;-0.9584336;0.018708;0.018708;0.018665;0.018672;308750;1
1770060600000;SKR;-1.0277324;0.018703;0.018719;0.018674;0.018713;278740;-1
1770060660000;SKR;-1.0052602;0.018698;0.018721;0.018698;0.018721;75730;1
1770060720000;SKR;-0.9984588;0.018722;0.018728;0.018691;0.018712;113850;1
1770060780000;SKR;-0.9882573;0.018713;0.018732;0.018706;0.018716;90760;1
1770060840000;SKR;-0.9946769;0.018722;0.018722;0.018709;0.018715;77050;-1
1770060900000;SKR;-0.94671077;0.018709;0.01872;0.018709;0.018718;26440;1
1770060960000;SKR;-0.9121055;0.01871;0.018754;0.018709;0.01874;103720;1
1770061020000;SKR;-0.9088206;0.018744;0.018749;0.018739;0.018743;32450;1
1770061080000;SKR;-0.8830875;0.01873;0.018766;0.018728;0.01875;244900;1
1770061140000;SKR;-0.86473465;0.018749;0.018767;0.018737;0.018767;886390;1
1770061200000;SKR;-0.734464;0.018748;0.018748;0.018733;0.018733;9890;1
1770061260000;SKR;-0.7483437;0.018742;0.018756;0.018741;0.018741;25530;-1
1770061320000;SKR;-0.55713254;0.018752;0.018886;0.018752;0.018886;1149510;1
1770061380000;SKR;-0.44494414;0.018909;0.018922;0.018853;0.018864;306630;1
1770061440000;SKR;-0.4413905;0.018881;0.018923;0.018845;0.018923;317940;1
1770061500000;SKR;0.14135386;0.018921;0.018958;0.018921;0.018942;213980;1
1770061560000;SKR;0.21699959;0.018942;0.018994;0.018942;0.01899;220330;1
1770061620000;SKR;0.33349156;0.018991;0.019;0.018957;0.018972;183660;1
1770061680000;SKR;0.35989305;0.019081;0.019093;0.019005;0.019027;521130;1
1770061740000;SKR;0.23342203;0.019001;0.01901;0.018975;0.018976;308520;-1
1770061800000;SKR;0.3563257;0.018958;0.018972;0.018958;0.018961;22860;1
1770061860000;SKR;0.3532991;0.01895;0.018954;0.018907;0.018927;160330;-1
1770061920000;SKR;0.47477895;0.01895;0.019076;0.018948;0.019075;1249120;1
1770061980000;SKR;0.6145469;0.01904;0.019134;0.01904;0.019131;962510;1
1770062040000;SKR;0.77597773;0.0191;0.01911;0.019084;0.01911;218780;1
1770062100000;SKR;1.12485;0.019241;0.019306;0.019211;0.019212;1391660;1
1770062160000;SKR;1.0136971;0.019214;0.019232;0.019144;0.019151;312770;-1
1770062220000;SKR;0.99603206;0.019159;0.01921;0.019159;0.019206;317830;-1
1770062280000;SKR;1.0296644;0.019162;0.01921;0.019162;0.019177;127020;1
1770062340000;SKR;1.1110624;0.019206;0.019276;0.019206;0.01925;168640;1
1770062400000;SKR;0.9189441;0.019234;0.019234;0.019142;0.019159;606260;-1
1770062460000;SKR;0.8588551;0.019124;0.01914;0.019109;0.019129;242860;-1
1770062520000;SKR;0.7715642;0.019127;0.019133;0.019076;0.019084;363280;-1
1770062580000;SKR;0.7147256;0.019077;0.019082;0.019047;0.019047;440100;-1
1770062640000;SKR;0.73464286;0.019074;0.019104;0.019072;0.019095;113780;1
1770062700000;SKR;0.6561524;0.019075;0.019112;0.019064;0.019077;251560;-1
1770062760000;SKR;0.7351074;0.019083;0.019159;0.019077;0.019154;256040;1
1770062820000;SKR;0.7182305;0.019151;0.019163;0.019123;0.019125;457310;-1
1770062880000;SKR;0.67357075;0.019064;0.019125;0.019052;0.019125;110860;-1
1770062940000;SKR;0.723205;0.01909;0.019111;0.01909;0.019098;174220;1
1770063000000;SKR;0.59196836;0.019143;0.019143;0.019033;0.019033;185500;-1
1770063060000;SKR;0.5113733;0.018999;0.019067;0.018992;0.019067;66560;-1
1770063120000;SKR;0.5397856;0.019035;0.019063;0.019021;0.019021;122580;1
1770063180000;SKR;0.5525215;0.019052;0.019087;0.019052;0.019065;161470;1
1770063240000;SKR;0.540341;0.019042;0.019051;0.019033;0.019033;57980;-1
1770063300000;SKR;0.8489032;0.019044;0.019144;0.019044;0.019144;178190;1
1770063360000;SKR;0.8980006;0.01914;0.019158;0.01914;0.019154;98250;1
1770063420000;SKR;0.8562234;0.019112;0.019121;0.019082;0.019082;176950;-1
1770063480000;SKR;0.92336345;0.019111;0.019194;0.019111;0.01918;333460;1
1770063540000;SKR;1.0255003;0.019149;0.019235;0.019146;0.019223;405370;1
1770063600000;SKR;1.510031;0.01924;0.019267;0.019227;0.019267;449320;1
1770063660000;SKR;1.6394479;0.019309;0.01935;0.019305;0.01935;710120;1
1770063720000;SKR;1.7583423;0.019368;0.019436;0.019366;0.019436;594380;1
1770063780000;SKR;1.7750092;0.019411;0.019434;0.019396;0.019396;305000;1
1770063840000;SKR;1.8350657;0.019405;0.019501;0.019392;0.019501;354600;1
1770063900000;SKR;1.8771513;0.019471;0.019497;0.019408;0.019436;489420;1
1770063960000;SKR;1.7297266;0.01942;0.019431;0.019331;0.01936;475930;-1
1770064020000;SKR;1.6460373;0.019334;0.019348;0.019321;0.019348;241280;-1
1770064080000;SKR;1.5952119;0.019322;0.019371;0.019312;0.019327;336970;-1
1770064140000;SKR;1.5952272;0.019279;0.019337;0.019267;0.019331;311420;1
1770064200000;SKR;1.5014598;0.01932;0.019349;0.019276;0.019336;379100;-1
1770064260000;SKR;1.4287766;0.019317;0.01933;0.019265;0.019265;601310;-1
1770064320000;SKR;1.4386777;0.019235;0.019347;0.019235;0.019339;263440;1
1770064380000;SKR;1.5231838;0.019322;0.019332;0.019311;0.019314;236630;1
1770064440000;SKR;1.5572816;0.019335;0.019347;0.019326;0.019347;164480;1
1770064500000;SKR;1.5965555;0.019357;0.019451;0.019351;0.019396;1215980;1
1770064560000;SKR;1.4573522;0.019348;0.019348;0.019249;0.019261;691390;-1
1770064620000;SKR;1.4486458;0.019274;0.019304;0.019274;0.019278;173590;-1
1770064680000;SKR;1.4292318;0.019284;0.019307;0.019284;0.019307;121650;-1
1770064740000;SKR;1.3698742;0.019292;0.0193;0.019244;0.019245;43020;-1
1770064800000;SKR;1.0640581;0.019232;0.019254;0.019185;0.019228;420770;-1
1770064860000;SKR;0.99816054;0.019216;0.019229;0.019211;0.019214;72570;-1
1770064920000;SKR;0.93873626;0.019169;0.019174;0.019148;0.019156;224600;-1
1770064980000;SKR;1.0086468;0.019156;0.0192;0.019151;0.019191;314930;1
1770065040000;SKR;0.9472572;0.019222;0.019223;0.01911;0.01911;958720;-1
1770065100000;SKR;0.5399188;0.01912;0.019159;0.019112;0.01914;188400;-1
1770065160000;SKR;0.42663252;0.019111;0.019114;0.019099;0.019105;193700;-1
1770065220000;SKR;0.3876813;0.019026;0.019082;0.01902;0.01907;523240;-1
1770065280000;SKR;0.41365492;0.019063;0.019076;0.019031;0.019073;662140;1
1770065340000;SKR;0.42885202;0.019065;0.019065;0.019046;0.019049;74360;1
1770065400000;SKR;0.32386267;0.019082;0.019084;0.01907;0.01907;128920;-1
1770065460000;SKR;0.3127424;0.019038;0.01905;0.019031;0.019046;108970;-1
1770065520000;SKR;0.2631265;0.019072;0.019094;0.019066;0.019094;74220;-1
1770065580000;SKR;0.22725832;0.018981;0.019048;0.018981;0.01904;254520;-1
1770065640000;SKR;0.2602063;0.01903;0.019065;0.01903;0.019041;291150;1
1770065700000;SKR;0.19872895;0.019023;0.019035;0.019007;0.019035;101020;-1
1770065760000;SKR;0.12871234;0.019039;0.01905;0.019012;0.019012;34250;-1
1770065820000;SKR;0.009584236;0.018953;0.018986;0.018946;0.018953;302050;-1
1770065880000;SKR;-0.021557014;0.018906;0.018925;0.018906;0.018915;113920;-1
1770065940000;SKR;0.041949794;0.018931;0.018986;0.018924;0.018956;510660;1
1770066000000;SKR;0.13562737;0.018975;0.018995;0.018955;0.018975;311180;1
1770066060000;SKR;0.21157424;0.019007;0.019056;0.018997;0.01902;267690;1
1770066120000;SKR;0.23910868;0.01904;0.019052;0.019026;0.019052;100370;1
1770066180000;SKR;0.27439263;0.019035;0.019035;0.019017;0.019034;450090;1
1770066240000;SKR;0.3671422;0.019083;0.019086;0.019063;0.019075;181120;1
1770066300000;SKR;0.39568073;0.019126;0.019138;0.01908;0.019096;405850;1
1770066360000;SKR;0.26500207;0.019059;0.019059;0.018993;0.019023;477930;-1
1770066420000;SKR;0.23354152;0.018996;0.019021;0.018991;0.019001;229520;-1
1770066480000;SKR;0.2884365;0.019015;0.019028;0.019012;0.019026;63940;1
1770066540000;SKR;0.38905838;0.019064;0.019135;0.019064;0.019104;245560;1
1770066600000;SKR;0.480289;0.0191;0.019124;0.019085;0.019122;70900;1
1770066660000;SKR;0.56749547;0.019119;0.019151;0.019118;0.019151;120050;1
1770066720000;SKR;0.5911608;0.019182;0.019182;0.019122;0.019158;528630;1
1770066780000;SKR;0.5626192;0.019177;0.019177;0.019121;0.019174;329020;-1
1770066840000;SKR;0.5117074;0.019131;0.019137;0.019122;0.019137;30490;-1
1770066900000;SKR;0.26830813;0.019128;0.019174;0.01911;0.01911;544460;-1
1770066960000;SKR;0.15224248;0.01908;0.019082;0.019057;0.019057;75020;-1
1770067020000;SKR;0.01932803;0.019018;0.019018;0.018928;0.018929;572870;-1
1770067080000;SKR;-0.04948126;0.01895;0.018958;0.018927;0.018936;278790;-1
1770067140000;SKR;-0.10890375;0.018938;0.018938;0.018877;0.018889;431400;-1
1770067200000;SKR;-0.3238101;0.018898;0.018922;0.018897;0.018918;235470;-1
1770067260000;SKR;-0.32065704;0.018879;0.018925;0.018876;0.018915;126630;1
1770067320000;SKR;-0.32336038;0.0189;0.01892;0.018898;0.018898;61300;-1
1770067380000;SKR;-0.31094578;0.018884;0.018909;0.018876;0.018878;143330;1
1770067440000;SKR;-0.28392753;0.018914;0.018944;0.0189;0.018915;602370;1
1770067500000;SKR;-0.16759208;0.018903;0.018955;0.018903;0.018927;340250;1
1770067560000;SKR;-0.040243864;0.018948;0.01903;0.018941;0.019009;169330;1
1770067620000;SKR;0.014720548;0.019044;0.019071;0.01903;0.019056;291490;1
1770067680000;SKR;-0.02596977;0.018988;0.01904;0.018948;0.019014;746800;-1
1770067740000;SKR;-0.06171165;0.019025;0.019025;0.01895;0.01895;204880;-1
1770067800000;SKR;-0.08880233;0.018954;0.019007;0.018954;0.019001;306950;-1
1770067860000;SKR;-0.09422689;0.018989;0.018999;0.018941;0.018961;581920;-1
1770067920000;SKR;-0.07819012;0.018964;0.018986;0.01896;0.018965;267560;1
1770067980000;SKR;-0.06071904;0.019001;0.01905;0.018986;0.019029;246980;1
1770068040000;SKR;-0.10860867;0.018955;0.018971;0.018939;0.018971;211120;-1
1770068100000;SKR;-0.11097654;0.018984;0.019005;0.018961;0.018961;112040;-1
1770068160000;SKR;-0.1402809;0.018953;0.018968;0.018949;0.018964;139580;-1
1770068220000;SKR;-0.1354059;0.018964;0.018974;0.01893;0.018959;357480;1
1770068280000;SKR;-0.12517643;0.018966;0.018985;0.018966;0.018974;198780;1
1770068340000;SKR;-0.1344666;0.018957;0.018972;0.018953;0.018956;225170;-1
1770068400000;SKR;-0.03593711;0.018964;0.019052;0.018964;0.019045;237800;1
1770068460000;SKR;-0.0746074;0.019031;0.019034;0.018927;0.01893;406170;-1
1770068520000;SKR;-0.09224565;0.018957;0.01899;0.018957;0.018981;380680;-1
1770068580000;SKR;-0.06012353;0.018985;0.019002;0.018985;0.018993;39130;1
1770068640000;SKR;-0.04707139;0.018994;0.019025;0.018993;0.019003;224640;1
1770068700000;SKR;-0.054924566;0.018988;0.019019;0.018988;0.018999;150780;-1
1770068760000;SKR;-0.13553911;0.01903;0.019035;0.01892;0.018935;271430;-1
1770068820000;SKR;-0.23697937;0.018903;0.018939;0.018903;0.018931;137060;-1
1770068880000;SKR;-0.21782066;0.018919;0.018939;0.018912;0.018932;140070;1
1770068940000;SKR;-0.20698334;0.018932;0.018942;0.01892;0.018924;112230;1
1770069000000;SKR;-0.20756274;0.01893;0.018938;0.018902;0.018924;89790;-1
1770069060000;SKR;-0.15435345;0.018961;0.01897;0.018952;0.018957;57190;1
1770069120000;SKR;-0.10513576;0.018973;0.019024;0.018967;0.019008;438980;1
1770069180000;SKR;-0.15010075;0.018997;0.018997;0.018939;0.018947;144360;-1
1770069240000;SKR;-0.18670054;0.01895;0.018965;0.018936;0.01896;107160;-1
1770069300000;SKR;-0.14396584;0.018948;0.018969;0.018943;0.018951;81200;1
1770069360000;SKR;-0.12298358;0.018954;0.01897;0.018954;0.018963;67930;1
1770069420000;SKR;-0.09472346;0.018976;0.018984;0.018968;0.018982;98000;1
1770069480000;SKR;-0.04895901;0.018979;0.019049;0.018976;0.019042;106930;1
1770069540000;SKR;-0.08371976;0.019001;0.019031;0.018959;0.018963;174080;-1
1770069600000;SKR;-0.08679595;0.018953;0.018979;0.018946;0.018976;284730;-1
1770069660000;SKR;-0.00005481744;0.018991;0.019004;0.018985;0.018996;23930;1
1770069720000;SKR;0.07142493;0.019046;0.019064;0.019042;0.019046;195580;1
1770069780000;SKR;0.011143791;0.019045;0.019045;0.018982;0.018998;154330;-1
1770069840000;SKR;0.070415825;0.01902;0.019086;0.01902;0.019031;113270;1
1770069900000;SKR;0.12529047;0.019073;0.019073;0.019007;0.019028;212250;1
1770069960000;SKR;0.11379097;0.019034;0.019062;0.019034;0.019039;66650;-1
1770070020000;SKR;0.15155344;0.019034;0.019067;0.019034;0.019067;96520;1
1770070080000;SKR;0.16487552;0.019081;0.01909;0.019045;0.019045;173310;1
1770070140000;SKR;0.15721156;0.019063;0.019107;0.01905;0.019083;94440;-1
1770070200000;SKR;0.12363434;0.019063;0.019085;0.019055;0.019085;91890;-1
1770070260000;SKR;0.14277719;0.019065;0.01913;0.019057;0.019108;388000;1
1770070320000;SKR;0.1555506;0.01907;0.019119;0.01907;0.019096;123320;1
1770070380000;SKR;0.09468717;0.019085;0.01911;0.019052;0.019052;131260;-1
1770070440000;SKR;-0.027014863;0.019018;0.019018;0.018987;0.018997;91610;-1
1770070500000;SKR;-0.47730476;0.01897;0.018989;0.018959;0.018962;329810;-1
1770070560000;SKR;-0.55184895;0.018912;0.018913;0.018893;0.0189;181510;-1
1770070620000;SKR;-0.56386715;0.018904;0.018913;0.018896;0.018901;76020;-1
1770070680000;SKR;-0.584642;0.018897;0.018901;0.018867;0.018901;159270;-1
1770070740000;SKR;-0.5800311;0.018894;0.018927;0.01885;0.018872;693980;1
1770070800000;SKR;-0.6748351;0.0189;0.018905;0.018875;0.018875;157570;-1
1770070860000;SKR;-0.67559576;0.018891;0.018902;0.018882;0.018884;310420;-1
1770070920000;SKR;-0.69342023;0.018894;0.018906;0.018883;0.018896;101230;-1
1770070980000;SKR;-0.757048;0.018866;0.018872;0.018819;0.018827;180540;-1
1770071040000;SKR;-0.77571803;0.018844;0.01886;0.018833;0.018838;219460;-1
1770071100000;SKR;-1.0516456;0.018834;0.018835;0.018805;0.018811;150380;-1
1770071160000;SKR;-1.091633;0.018785;0.018793;0.018778;0.018782;88650;-1
1770071220000;SKR;-1.1393602;0.018782;0.018807;0.018775;0.018775;364860;-1
1770071280000;SKR;-1.2382141;0.018731;0.018747;0.018704;0.018704;389660;-1
1770071340000;SKR;-1.3447192;0.01868;0.018687;0.01866;0.018665;129650;-1
1770071400000;SKR;-1.7841159;0.018624;0.018634;0.018613;0.01862;374920;-1
1770071460000;SKR;-1.8298874;0.018608;0.018616;0.01856;0.018594;912460;-1
1770071520000;SKR;-1.8165817;0.018591;0.018602;0.018587;0.018596;146050;1
1770071580000;SKR;-1.8184166;0.018597;0.018628;0.018591;0.018608;521670;-1
1770071640000;SKR;-1.8563416;0.018587;0.018595;0.018555;0.018576;297330;-1
1770071700000;SKR;-1.8275623;0.018577;0.01861;0.018564;0.01861;174530;1
1770071760000;SKR;-1.8069265;0.018589;0.018621;0.018588;0.018607;725730;1
1770071820000;SKR;-1.8424165;0.018585;0.018585;0.018557;0.018562;108220;-1
1770071880000;SKR;-1.8393207;0.018578;0.018589;0.018561;0.018589;123160;1
1770071940000;SKR;-1.7791587;0.01858;0.018623;0.018574;0.018623;282880;1
1770072000000;SKR;-1.6755029;0.018635;0.018654;0.018628;0.018638;135420;1
1770072060000;SKR;-1.6794329;0.018639;0.018646;0.018636;0.018641;33640;-1
1770072120000;SKR;-1.72141;0.018629;0.018633;0.018616;0.01862;157000;-1
1770072180000;SKR;-1.7423486;0.018598;0.018603;0.018587;0.018591;180890;-1
1770072240000;SKR;-1.705689;0.018615;0.018619;0.018612;0.018619;250200;1
1770072300000;SKR;-1.5053759;0.018626;0.018639;0.018626;0.018638;46260;1
1770072360000;SKR;-1.4688056;0.018637;0.018666;0.018637;0.018666;83870;1
1770072420000;SKR;-1.4254603;0.018661;0.018682;0.018661;0.018681;60910;1
1770072480000;SKR;-1.395355;0.018683;0.018685;0.01868;0.018681;8950;1
1770072540000;SKR;-1.4111612;0.018692;0.018697;0.018687;0.018697;80970;-1
1770072600000;SKR;-1.3811662;0.018666;0.018675;0.018666;0.01867;55310;1
1770072660000;SKR;-1.433015;0.018655;0.018655;0.018624;0.018625;160290;-1
1770072720000;SKR;-1.4569744;0.01862;0.018634;0.018617;0.018634;91510;-1
1770072780000;SKR;-1.4579647;0.018627;0.018642;0.018623;0.018623;168050;-1
1770072840000;SKR;-1.3530593;0.018609;0.018617;0.018589;0.01859;165740;1
1770072900000;SKR;-1.1150343;0.018751;0.018774;0.018689;0.018689;1373350;1
1770072960000;SKR;-1.0602113;0.018748;0.01876;0.018744;0.018755;85810;1
1770073020000;SKR;-1.0245037;0.01876;0.018798;0.01876;0.018786;229960;1
1770073080000;SKR;-0.97518563;0.018766;0.01879;0.018766;0.01879;66530;1
1770073140000;SKR;-0.8815315;0.018826;0.018894;0.018826;0.01888;412800;1
1770073200000;SKR;-0.8872922;0.018829;0.018885;0.018813;0.018881;678900;-1
1770073260000;SKR;-0.83919775;0.018884;0.018889;0.018866;0.018869;47290;1
1770073320000;SKR;-0.92197114;0.01888;0.018898;0.018828;0.018855;659210;-1
1770073380000;SKR;-1.1119931;0.018789;0.018794;0.018716;0.018737;470520;-1
1770073440000;SKR;-1.2226701;0.01869;0.018705;0.01866;0.018678;392930;-1
1770073500000;SKR;-1.258605;0.018675;0.018689;0.018663;0.018671;162370;-1
1770073560000;SKR;-1.2012218;0.018692;0.018735;0.018692;0.018722;257370;1
1770073620000;SKR;-1.1673522;0.018721;0.018721;0.018685;0.018703;87430;1
1770073680000;SKR;-1.0305431;0.018751;0.018846;0.018751;0.018825;282080;1
1770073740000;SKR;-1.0101066;0.018839;0.018839;0.018811;0.018837;160070;1
1770073800000;SKR;-0.91891724;0.018775;0.018795;0.018775;0.018783;113740;1
1770073860000;SKR;-0.81986105;0.018795;0.018817;0.018795;0.018811;131780;1
1770073920000;SKR;-0.7546326;0.018876;0.018881;0.018854;0.018869;312160;1
1770073980000;SKR;-0.75051713;0.018865;0.018894;0.018858;0.018892;93280;1
1770074040000;SKR;-0.7669095;0.018875;0.018899;0.018868;0.018899;67850;-1
1770074100000;SKR;-0.86423945;0.018841;0.01885;0.018802;0.018839;223260;-1
1770074160000;SKR;-0.8844223;0.018829;0.018829;0.018821;0.018828;33870;-1
1770074220000;SKR;-0.8904198;0.018811;0.01882;0.018773;0.018774;139010;-1
1770074280000;SKR;-0.8397832;0.018838;0.018855;0.018838;0.018855;38110;1
1770074340000;SKR;-0.83266723;0.018839;0.018868;0.018823;0.018827;181760;1
1770074400000;SKR;-0.8681801;0.018854;0.018873;0.018815;0.018815;123750;-1
1770074460000;SKR;-0.8942461;0.018831;0.018832;0.01882;0.01882;56620;-1
1770074520000;SKR;-0.946148;0.018819;0.018823;0.01876;0.018787;292600;-1
1770074580000;SKR;-0.921819;0.018786;0.01884;0.018785;0.01884;259770;1
1770074640000;SKR;-0.9238878;0.018817;0.018827;0.018816;0.018818;34490;-1
1770074700000;SKR;-1.1480715;0.018795;0.018804;0.018795;0.0188;49560;-1
1770074760000;SKR;-1.1705495;0.01875;0.018772;0.018739;0.01877;291810;-1
1770074820000;SKR;-1.1749322;0.018773;0.018773;0.018732;0.018745;190360;-1
1770074880000;SKR;-1.239849;0.018763;0.018763;0.018704;0.018704;17490;-1
1770074940000;SKR;-1.3661926;0.018691;0.018691;0.018669;0.018669;57800;-1
1770075000000;SKR;-1.5507895;0.018633;0.018657;0.018626;0.018647;149410;-1
1770075060000;SKR;-1.5578284;0.018695;0.018695;0.018637;0.018643;115280;-1
1770075120000;SKR;-1.633217;0.018628;0.018628;0.018618;0.018619;69400;-1
1770075180000;SKR;-1.6059622;0.018619;0.018622;0.018613;0.018618;64050;1
1770075240000;SKR;-1.5675155;0.018639;0.018679;0.018639;0.01866;108200;1
1770075300000;SKR;-1.523375;0.018652;0.018677;0.01865;0.018675;93320;1
1770075360000;SKR;-1.5143511;0.018696;0.018704;0.018663;0.018679;281230;1
1770075420000;SKR;-1.5483136;0.018664;0.01867;0.01866;0.018663;9500;-1
1770075480000;SKR;-1.5021425;0.018663;0.018671;0.018663;0.018671;18520;1
1770075540000;SKR;-1.5639617;0.01871;0.01871;0.018685;0.018685;76410;-1
1770075600000;SKR;-1.6547792;0.018609;0.018613;0.018585;0.018585;129090;-1
1770075660000;SKR;-1.605519;0.018609;0.018652;0.018609;0.018652;18520;1
1770075720000;SKR;-1.6032131;0.01864;0.018646;0.018611;0.018611;80520;1
1770075780000;SKR;-1.5564668;0.018625;0.018687;0.018625;0.018687;43640;1
1770075840000;SKR;-1.5053904;0.018675;0.018684;0.018672;0.018675;180150;1
1770075900000;SKR;-1.4652294;0.018684;0.018684;0.018671;0.018679;51690;1
1770075960000;SKR;-1.4816461;0.018688;0.018688;0.018659;0.018661;151220;-1
1770076020000;SKR;-1.4169604;0.018672;0.018747;0.018671;0.018727;124530;1
1770076080000;SKR;-1.3836251;0.018746;0.018746;0.018702;0.018718;326060;1
1770076140000;SKR;-1.5017582;0.01871;0.018713;0.018627;0.018629;207940;-1
1770076200000;SKR;-1.7979093;0.018619;0.018621;0.01853;0.018555;805540;-1
1770076260000;SKR;-1.8785306;0.018543;0.01856;0.01852;0.018547;462920;-1
1770076320000;SKR;-1.8589022;0.018531;0.01855;0.01853;0.01854;190620;1
1770076380000;SKR;-1.8324621;0.018559;0.018571;0.018542;0.01857;209450;1
1770076440000;SKR;-1.8041044;0.018564;0.018586;0.018562;0.018576;125130;1
1770076500000;SKR;-1.8081168;0.01858;0.018584;0.018564;0.018567;79510;-1
1770076560000;SKR;-1.9116955;0.018551;0.018564;0.018528;0.018528;182320;-1
1770076620000;SKR;-1.822638;0.018511;0.018578;0.018501;0.018575;213150;1
1770076680000;SKR;-1.7082936;0.018604;0.018634;0.018601;0.018618;296410;1
1770076740000;SKR;-1.6527355;0.018625;0.018685;0.01862;0.018679;1447100;1
1770076800000;SKR;-1.5158691;0.018646;0.018775;0.018645;0.018719;2988100;1
1770076860000;SKR;-1.526951;0.018677;0.018678;0.018657;0.018678;304480;-1
1770076920000;SKR;-1.5160307;0.018685;0.01871;0.018674;0.018674;381340;1
1770076980000;SKR;-1.5544782;0.018677;0.018683;0.018671;0.018677;109000;-1
1770077040000;SKR;-1.5557381;0.01865;0.018682;0.018648;0.01868;558600;-1
1770077100000;SKR;-2.0127292;0.018664;0.018664;0.01857;0.01858;664830;-1
1770077160000;SKR;-2.158473;0.018538;0.018538;0.018467;0.018488;422990;-1
1770077220000;SKR;-2.283504;0.018536;0.018562;0.018455;0.018494;1651540;-1
1770077280000;SKR;-2.406422;0.018398;0.018426;0.018398;0.018407;332590;-1
1770077340000;SKR;-2.5448258;0.018384;0.018389;0.018356;0.018365;495810;-1
1770077400000;SKR;-2.8517435;0.018278;0.01833;0.018274;0.018329;398030;-1
1770077460000;SKR;-2.905316;0.018262;0.018288;0.018201;0.01827;885170;-1
1770077520000;SKR;-2.895278;0.018267;0.018292;0.018207;0.018292;908340;1
1770077580000;SKR;-2.8637455;0.018262;0.018294;0.018251;0.018274;394820;1
1770077640000;SKR;-2.7295923;0.018289;0.018399;0.018289;0.01839;433710;1
1770077700000;SKR;-2.298532;0.018371;0.018385;0.018361;0.018378;147280;1
1770077760000;SKR;-2.2541182;0.018376;0.018439;0.018374;0.018409;310290;1
1770077820000;SKR;-2.205362;0.018426;0.018435;0.018406;0.018435;472770;1
1770077880000;SKR;-2.0495932;0.01844;0.018543;0.01844;0.018527;244500;1
1770077940000;SKR;-1.8832691;0.018574;0.018628;0.018574;0.018613;843470;1
1770078000000;SKR;-1.7888428;0.01859;0.01859;0.0185;0.018542;659590;1
1770078060000;SKR;-1.7150625;0.018554;0.018642;0.018554;0.018642;555780;1
1770078120000;SKR;-1.7132583;0.018611;0.018639;0.018551;0.018588;541120;1
1770078180000;SKR;-1.7569337;0.018584;0.018596;0.018532;0.018555;418870;-1
1770078240000;SKR;-1.7379616;0.018582;0.018616;0.01855;0.01855;352970;1
1770078300000;SKR;-1.6852994;0.018587;0.018587;0.018564;0.018574;49360;1
1770078360000;SKR;-1.6662737;0.018515;0.018595;0.018515;0.018569;879810;1
1770078420000;SKR;-1.5739174;0.018602;0.018623;0.018564;0.018603;436880;1
1770078480000;SKR;-1.3677335;0.018631;0.018765;0.018625;0.018753;2032580;1
1770078540000;SKR;-1.2963089;0.018796;0.01883;0.01875;0.018758;909990;1
1770078600000;SKR;-1.0407445;0.018688;0.018805;0.018641;0.018791;2746870;1
1770078660000;SKR;-0.97426945;0.018792;0.018795;0.018737;0.018784;596360;1
1770078720000;SKR;-0.8785384;0.018749;0.018778;0.018739;0.018778;187370;1
1770078780000;SKR;-0.87732416;0.01889;0.018914;0.018794;0.018825;1129700;1
1770078840000;SKR;-0.9934893;0.018752;0.018791;0.018721;0.018791;451460;-1
1770078900000;SKR;-1.2678261;0.01876;0.018778;0.018732;0.018735;123960;-1
1770078960000;SKR;-1.3993666;0.018654;0.018654;0.018626;0.01864;223050;-1
1770079020000;SKR;-1.4573742;0.01862;0.018638;0.018584;0.018611;977700;-1
1770079080000;SKR;-1.5647107;0.018611;0.018611;0.018515;0.018532;443490;-1
1770079140000;SKR;-1.6420765;0.018499;0.018554;0.018471;0.018536;471800;-1
1770079200000;SKR;-1.5449125;0.018536;0.018666;0.018536;0.018631;1218630;1
1770079260000;SKR;-1.4946821;0.018588;0.018616;0.01855;0.018583;454940;1
1770079320000;SKR;-1.4088069;0.018639;0.01869;0.018631;0.018662;209700;1
1770079380000;SKR;-1.4605005;0.018646;0.018649;0.018589;0.018608;636380;-1
1770079440000;SKR;-1.4138029;0.01861;0.018633;0.018605;0.018618;117280;1
1770079500000;SKR;-0.87125033;0.018684;0.018735;0.018659;0.018705;436370;1
1770079560000;SKR;-0.7147194;0.018761;0.018835;0.018745;0.018835;574120;1
1770079620000;SKR;-0.680691;0.018835;0.018836;0.018779;0.018785;425120;1
1770079680000;SKR;-0.69905156;0.01881;0.018822;0.01879;0.018808;249330;-1
1770079740000;SKR;-0.62737495;0.018794;0.01884;0.018794;0.01884;90080;1
1770079800000;SKR;-0.49097544;0.018865;0.018879;0.018837;0.01886;255600;1
1770079860000;SKR;-0.46394205;0.018847;0.018881;0.018844;0.01887;205560;1
1770079920000;SKR;-0.43498713;0.018878;0.018887;0.018839;0.018871;214780;1
1770079980000;SKR;-0.41634336;0.018904;0.018909;0.018853;0.018853;253950;1
1770080040000;SKR;-0.501926;0.018887;0.018887;0.018803;0.018825;1460990;-1
1770080100000;SKR;-0.37200126;0.018811;0.018848;0.01881;0.018844;245770;1
1770080160000;SKR;-0.22614513;0.018933;0.018977;0.018917;0.018964;382760;1
1770080220000;SKR;-0.308452;0.018952;0.018954;0.018917;0.018922;282090;-1
1770080280000;SKR;-0.31531307;0.018884;0.01889;0.01885;0.01889;263240;-1
1770080340000;SKR;-0.22579019;0.01894;0.018946;0.018905;0.018915;255230;1
1770080400000;SKR;0.32892668;0.018976;0.018983;0.018916;0.018946;318450;1
1770080460000;SKR;0.45592538;0.019012;0.019068;0.018979;0.019036;704410;1
1770080520000;SKR;0.41349402;0.019082;0.019082;0.018986;0.019005;448750;-1
1770080580000;SKR;0.28110582;0.018977;0.018983;0.018911;0.018974;541090;-1
1770080640000;SKR;0.19487421;0.018936;0.018937;0.018835;0.018841;487430;-1
1770080700000;SKR;0.3730859;0.018927;0.018934;0.0189;0.018926;322440;1
1770080760000;SKR;0.48847982;0.018938;0.018993;0.018938;0.018982;299470;1
1770080820000;SKR;0.83413213;0.01903;0.019127;0.019024;0.019127;333450;1
1770080880000;SKR;0.8427699;0.019286;0.019286;0.019057;0.019072;2877300;1
1770080940000;SKR;0.67871904;0.01907;0.019103;0.019067;0.019089;479140;-1
1770081000000;SKR;0.7033626;0.019091;0.019166;0.019062;0.019094;787140;1
1770081060000;SKR;0.5581195;0.019049;0.019056;0.019;0.019004;250720;-1
1770081120000;SKR;0.50404984;0.018974;0.01898;0.018919;0.018935;605630;-1
1770081180000;SKR;0.5459269;0.019015;0.019029;0.018956;0.019005;342030;1
1770081240000;SKR;0.6630811;0.019006;0.019016;0.019001;0.019003;93780;1
1770081300000;SKR;0.80374986;0.01912;0.019139;0.019114;0.019139;171050;1
1770081360000;SKR;0.8040819;0.01917;0.019195;0.019158;0.019174;196130;1
1770081420000;SKR;0.7173482;0.019143;0.019149;0.019121;0.01914;213680;-1
1770081480000;SKR;0.74176115;0.019128;0.019184;0.01911;0.01911;286080;1
1770081540000;SKR;0.5377209;0.019106;0.019112;0.019012;0.019021;324420;-1
1770081600000;SKR;0.30680218;0.018952;0.019017;0.018922;0.019014;591900;-1
1770081660000;SKR;0.34626836;0.018981;0.019009;0.018961;0.018971;160080;1
1770081720000;SKR;0.43655336;0.019003;0.01903;0.018989;0.018989;174420;1
1770081780000;SKR;0.52134246;0.01907;0.019119;0.019068;0.019101;204420;1
1770081840000;SKR;0.421138;0.01907;0.019102;0.019022;0.019037;502220;-1
1770081900000;SKR;0.15637605;0.018968;0.018968;0.01891;0.018926;119730;-1
1770081960000;SKR;0.12448576;0.01894;0.01894;0.018907;0.018917;139280;-1
1770082020000;SKR;0.11122204;0.018912;0.018972;0.018912;0.018972;247120;-1
1770082080000;SKR;0.07302986;0.018905;0.018905;0.018874;0.018905;125800;-1
1770082140000;SKR;0.06961287;0.018893;0.018967;0.018862;0.018949;620990;-1
1770082200000;SKR;0.012501133;0.018887;0.018895;0.018852;0.018895;258980;-1
1770082260000;SKR;0.09025929;0.018954;0.018972;0.018919;0.018922;322080;1
1770082320000;SKR;0.1708548;0.018961;0.019045;0.018961;0.01903;372180;1
1770082380000;SKR;0.10657128;0.019004;0.019004;0.018917;0.018948;337050;-1
1770082440000;SKR;0.07318247;0.018916;0.018951;0.018906;0.01895;121340;-1
1770082500000;SKR;0.13228852;0.018975;0.018988;0.018914;0.018914;309460;1
1770082560000;SKR;0.1762261;0.018922;0.019018;0.018915;0.019006;435930;1
1770082620000;SKR;0.1907623;0.019;0.019012;0.01892;0.018948;220050;1
1770082680000;SKR;0.21750835;0.018953;0.019001;0.018953;0.019001;113770;1
1770082740000;SKR;0.2848172;0.019017;0.019068;0.018997;0.019043;230260;1
1770082800000;SKR;0.080406934;0.018997;0.018997;0.018918;0.018925;527460;-1
1770082860000;SKR;-0.05274229;0.018915;0.018915;0.018865;0.01887;228380;-1
1770082920000;SKR;-0.12458979;0.018857;0.018876;0.018838;0.018839;344410;-1
1770082980000;SKR;-0.0589082;0.018842;0.018885;0.018838;0.018869;312490;1
1770083040000;SKR;0.015008057;0.018925;0.018955;0.018898;0.01892;177800;1
1770083100000;SKR;-0.16036396;0.018913;0.018929;0.01884;0.018845;1858340;-1
1770083160000;SKR;-0.2625266;0.018841;0.018864;0.018796;0.018817;540610;-1
1770083220000;SKR;-0.2491327;0.018813;0.018866;0.018813;0.01882;398510;1
1770083280000;SKR;-0.17657074;0.018849;0.018937;0.018848;0.018856;435450;1
1770083340000;SKR;-0.21415053;0.018855;0.018855;0.018827;0.018827;111620;-1
1770083400000;SKR;-0.19338399;0.018863;0.018872;0.018834;0.018834;168730;1
1770083460000;SKR;-0.18101451;0.018846;0.018871;0.018846;0.018849;163440;1
1770083520000;SKR;-0.19360602;0.01886;0.018869;0.018813;0.018831;240170;-1
1770083580000;SKR;-0.12058334;0.01884;0.018885;0.01884;0.018881;393110;1
1770083640000;SKR;-0.023192085;0.018924;0.018935;0.018898;0.018913;177410;1
1770083700000;SKR;-0.0063751186;0.018957;0.018986;0.018935;0.018935;387370;1
1770083760000;SKR;-0.1531588;0.018883;0.018884;0.01877;0.018807;767180;-1
1770083820000;SKR;-0.08943588;0.018862;0.018873;0.018849;0.018862;107640;1
1770083880000;SKR;-0.027256977;0.018906;0.018925;0.018853;0.018906;379090;1
1770083940000;SKR;0.043162372;0.018947;0.018958;0.018947;0.018956;70990;1
1770084000000;SKR;0.08027909;0.018964;0.019011;0.01895;0.01899;329930;1
1770084060000;SKR;-0.05095842;0.018955;0.018956;0.018879;0.018889;166030;-1
1770084120000;SKR;-0.10181984;0.018853;0.01888;0.018832;0.018875;250820;-1
1770084180000;SKR;-0.029845774;0.018905;0.018974;0.018872;0.018872;432430;1
1770084240000;SKR;0.031280976;0.018904;0.019008;0.018904;0.019008;121740;1
1770084300000;SKR;-0.031066107;0.018964;0.018986;0.01889;0.018928;259700;-1
1770084360000;SKR;-0.063460946;0.018978;0.018978;0.018879;0.018918;219990;-1
1770084420000;SKR;-0.12810028;0.018918;0.018943;0.018872;0.018896;243080;-1
1770084480000;SKR;-0.17114057;0.018916;0.018916;0.01884;0.01885;147720;-1
1770084540000;SKR;-0.23711996;0.018864;0.018922;0.018826;0.018838;243130;-1
1770084600000;SKR;-0.3679767;0.018807;0.018845;0.018786;0.018836;138030;-1
1770084660000;SKR;-0.36434498;0.01883;0.018835;0.018806;0.018811;100960;1
1770084720000;SKR;-0.28392014;0.018818;0.018865;0.018818;0.01884;217090;1
1770084780000;SKR;-0.24516824;0.01889;0.018912;0.018874;0.01888;255550;1
1770084840000;SKR;-0.2798357;0.018858;0.01887;0.018801;0.01887;177720;-1
1770084900000;SKR;0.017848402;0.018882;0.018953;0.018882;0.018952;307130;1
1770084960000;SKR;0.14106274;0.018973;0.019019;0.018973;0.019006;203310;1
1770085020000;SKR;0.18146375;0.019005;0.019067;0.018973;0.018991;573910;1
1770085080000;SKR;0.07311558;0.019008;0.019008;0.018897;0.018943;1124740;-1
1770085140000;SKR;-0.010646979;0.018919;0.018937;0.01891;0.018935;147220;-1
1770085200000;SKR;-0.053773623;0.018911;0.018923;0.018896;0.018918;95840;-1
